Model,Precision,Recall,F1 Score
LightGBM Default,0.8222222222222222,0.9024390243902439,0.8604651162790697
LightGBM Tuned,0.8181818181818182,0.8780487804878049,0.8470588235294118
